Parking Lot Asset ID,Park Name,Parking Spaces,Handicap Parking Spaces,GIS Coordinate,Access
32202,ADAMS PARK,134,6,"(-79.1447873015202,43.7924791844875)",Public
32203,AGINCOURT PARK,300,9,"(-79.2751862118817,43.7877827155571)",Public
32524,ALBION ARENA - Building Grounds,118,10,"(-79.5818486224219,43.7394116555141)",Public
32204,ALLAN A. LAMPORT STADIUM PARK,360,3,"(-79.4231327178795,43.6381423188339)",Public
32205,ALLAN GARDENS,6,2,"(-79.3748943065984,43.6615560937226)",Public
32571,ALNESS YARD,84,1,"(-79.4715200921448,43.7708434030403)",Staff
32572,ALNESS YARD,38,,"(-79.4710779813655,43.7704792397157)",Staff
32207,AMESBURY PARK,131,6,"(-79.4867933724,43.7052204380353)",Public
32206,AMESBURY PARK,85,6,"(-79.4814480057931,43.707395527417)",Public
32208,AMOS WAITES PARK,27,1,"(-79.4885936194786,43.6134565620656)",Public
32209,ANCASTER PARK,12,2,"(-79.4656049290217,43.7324055708181)",Public
32532,ANGELA JAMES ARENA - Building Grounds,66,3,"(-79.3284942696053,43.7130686133737)",Public
44842,ANNETTE COMMUNITY RECREATION CENTRE - Building Grounds,20,1,"(-79.4739815870084,43.6608647818785)",Public
32573,ANTIBES COMMUNITY CENTRE - Building Grounds,45,3,"(-79.4470885304013,43.7807886314509)",Public
32525,ARMOUR HEIGHTS COMMUNITY CENTRE - Building Grounds,48,2,"(-79.4221847486806,43.7389865977948)",Public
32210,ASHBRIDGES BAY PARK,230,3,"(-79.3114572714395,43.6598464035534)",Public
32211,BALMY BEACH PARK,32,1,"(-79.2861626304491,43.6704372734058)",Members
32212,BANBURY PARK,98,3,"(-79.3691582565531,43.7430039252142)",Public
32526,BARBARA FRUM COMMUNITY CENTRE - Building Grounds,3,3,"(-79.4319270531753,43.7208388242785)",Public
32213,BAYCREST PARK,81,4,"(-79.4433493082291,43.7292305304295)",Public
32214,BAYVIEW ARENA PARK,63,2,"(-79.3932770065695,43.788275139062)",Public
45262,BAYVIEW VILLAGE PARK,29,,"(-79.3890201271685,43.7727196036147)",Public
32215,BELLBURY PARK,23,2,"(-79.3606854206441,43.7846056640747)",Public
32522,BENTWORTH YARD,24,1,"(-79.4656252172832,43.7210952698518)",Staff
32577,BERNER TRAIL PARK,12,1,"(-79.2204861007748,43.8020917130779)",Public
32562,BIRCH PARK,20,1,"(-79.5268899254658,43.5920488743426)",Public
32216,BIRCH PARK,33,,"(-79.5274074910713,43.5924266355387)",Public
32217,BIRCHMOUNT PARK,70,3,"(-79.262371447821,43.695769065706)",Public
32218,BIRCHMOUNT PARK,333,2,"(-79.261751022436,43.6946409377252)",Public
32574,BIRCHMOUNT YARD,20,2,"(-79.2927450610288,43.7702639284733)",Staff
32575,BIRCHMOUNT YARD,43,,"(-79.2920805945903,43.7703869773324)",Staff
32527,BIRKDALE COMMUNITY CENTRE - Building Grounds,24,6,"(-79.264124172216,43.7686148920218)",Public
32529,BIRKDALE COMMUNITY CENTRE - Building Grounds,40,1,"(-79.2636869756717,43.7685310023984)",Public
32528,BIRKDALE COMMUNITY CENTRE - Building Grounds,17,1,"(-79.2644779925906,43.7689887705999)",Public
49502,BIRKDALE RAVINE,32,1,"(-79.2592957983296,43.7614654592802)",Public
32219,BLANTYRE PARK,90,2,"(-79.2805077480891,43.6823443917473)",Public
49503,BLUEHAVEN PARK,,,"(-79.5563455530346,43.7449479239744)",Public
44903,BLUFFER'S PARK,160,6,"(-79.2282446806026,43.7132341954173)",Public
32223,BLUFFER'S PARK,47,,"(-79.2343905091928,43.7123698910866)",Staff
32222,BLUFFER'S PARK,180,3,"(-79.2322789279425,43.7059156577948)",Public
32221,BLUFFER'S PARK,144,3,"(-79.2344999827331,43.707173000505)",Public
32220,BLUFFER'S PARK,243,5,"(-79.2358838106595,43.7066736123528)",Public
32224,BOND PARK,162,6,"(-79.3509595367013,43.7452701062491)",Public
44683,BOOTH YARD,,,"(-79.3431626237552,43.6557206841609)",Staff
44682,BOOTH YARD,,,"(-79.3443166919273,43.6563295308317)",Staff
44885,BOOTH YARD,6,,"(-79.3423726436495,43.6558315147054)",Public
32225,BOTANY HILL PARK,20,1,"(-79.210209842135,43.777462894589)",Public
32576,BRIMLEY YARD,25,,"(-79.2455709769983,43.7314869370638)",Staff
32227,BROADLANDS PARK,28,4,"(-79.3227478619279,43.7461912953686)",Public
32226,BROADLANDS PARK,4,1,"(-79.323092605267,43.7458612615314)",Public
32228,BUDAPEST PARK,184,7,"(-79.4511064654614,43.6373019728985)",Public
32230,BUDAPEST PARK,,,"(-79.4468165517767,43.6366925316587)",Private
32231,BYNG PARK,104,4,"(-79.2847540944591,43.7009775057487)",Public
32232,CALEDONIA PARK,65,4,"(-79.4658253144254,43.7142267010468)",Public
49523,CALEDONIA PARK,28,,,
32428,CANADIAN UKRAINIAN MEMORIAL PARK,55,1,"(-79.5064582026188,43.685140182478)",Public
32233,CASSANDRA PARK,21,1,"(-79.3181552266633,43.7546362108511)",Public
32234,CEDAR BROOK PARK,57,2,"(-79.228155333423,43.755653792274)",Public
32235,CEDAR RIDGE PARK,41,2,"(-79.2082019935388,43.7580327672696)",Public
32236,CEDARVALE PARK,93,2,"(-79.4311420816518,43.6914049607085)",Public
58383,CENTENNIAL PARK - ETOBICOKE,80,,"(-79.5945806637185,43.6546006243346)",Public
49511,CENTENNIAL PARK - ETOBICOKE,4,,"(-79.5855212200294,43.6537715958102)",Public
49510,CENTENNIAL PARK - ETOBICOKE,94,,"(-79.5957933023437,43.6489272537005)",Public
49509,CENTENNIAL PARK - ETOBICOKE,88,,"(-79.5905039656636,43.649686866098)",Public
49508,CENTENNIAL PARK - ETOBICOKE,77,2,"(-79.58744367493,43.6487153107653)",Public
49506,CENTENNIAL PARK - ETOBICOKE,68,4,"(-79.5833269974024,43.6541264029505)",Public
49505,CENTENNIAL PARK - ETOBICOKE,95,,"(-79.5933470392479,43.6536760438135)",Public
49504,CENTENNIAL PARK - ETOBICOKE,27,,"(-79.5923067121389,43.6589918236566)",Public
32242,CENTENNIAL PARK - ETOBICOKE,69,7,"(-79.5839300519019,43.650743231935)",Public
32241,CENTENNIAL PARK - ETOBICOKE,434,3,"(-79.5832178567985,43.6522138190379)",Public
32240,CENTENNIAL PARK - ETOBICOKE,516,5,"(-79.5870460547403,43.6567325021258)",Public
32239,CENTENNIAL PARK - ETOBICOKE,103,2,"(-79.585353170426,43.6554697501719)",Public
32238,CENTENNIAL PARK - ETOBICOKE,26,3,"(-79.5848845347613,43.6550826844467)",Public
32237,CENTENNIAL PARK - ETOBICOKE,42,2,"(-79.5889856371681,43.6498580165074)",Public
32243,CHARLES SAURIOL CONSERVATION AREA,53,1,"(-79.3295457848831,43.7387950539051)",Public
44884,CHERRY BEACH CLARKE BEACH PARK,126,4,"(-79.3450072917615,43.6369756465899)",Public
44886,CHERRY BEACH CLARKE BEACH PARK,60,4,"(-79.3425552359836,43.6384237106326)",Public
44883,CHERRY BEACH SPORTS FIELDS,116,5,"(-79.3424133020543,43.6402494274593)",Public
32244,CHRISTIE PITS PARK,6,,"(-79.422549460422,43.6649846972739)",Public
32245,CLAIRLEA PARK,90,4,"(-79.28653872652,43.7151123684865)",Private
32246,CLOVERDALE PARK,33,0,"(-79.5450648103103,43.6331889732041)",Public
32247,COLONEL DANFORTH PARK,98,6,"(-79.1644963732653,43.7773720278975)",Public
32248,COLONEL DANFORTH PARK,20,1,"(-79.1762277479934,43.7796552223076)",Public
32251,COLONEL SAMUEL SMITH PARK,23,,"(-79.5120529065751,43.5959927376492)",Private
32250,COLONEL SAMUEL SMITH PARK,23,,"(-79.5113995299747,43.5960677530965)",Private
32249,COLONEL SAMUEL SMITH PARK,63,2,"(-79.5134334121964,43.5920756802102)",Public
32252,COMMANDER PARK,179,4,"(-79.2672260015025,43.7952474602334)",Public
32254,CONFEDERATION PARK,444,5,"(-79.2349943159292,43.7743839683927)",Public
32253,CONFEDERATION PARK,444,5,"(-79.2355478633174,43.7743282438212)",Public
45163,CORONATION PARK - ETOBICOKE,,,"(-79.4994743330933,43.6160145907673)",
32255,CORONATION PARK - TORONTO,20,1,"(-79.4044194887713,43.6342984395929)",Private
44686,CORONATION PARK - YORK,93,2,"(-79.4776917152325,43.69041621423)",Public
44685,CORONATION PARK - YORK,84,,"(-79.4789530965064,43.6916371311669)",Public
32256,COSBURN PARK,52,2,"(-79.3301001986079,43.6925045568205)",Public
32257,CUMMER PARK,139,4,"(-79.3709924241819,43.7994684469447)",Public
32570,DAVID A. BALFOUR PARK,6,,"(-79.3878399267793,43.687791085482)",Staff
32258,DENNIS FLYNN PARK,30,1,"(-79.5667636604915,43.6421622945551)",Public
32515,DENTONIA PARK GOLF COURSE,68,1,"(-79.2890890826524,43.6950117423475)",Private
32259,DERRYDOWNS PARK,58,1,"(-79.5050430926961,43.7589312378052)",Public
32260,DIEPPE PARK,64,3,"(-79.3351988337012,43.6922308821853)",Public
32530,DON MONTGOMERY COMMUNITY RECREATION CENTRE - Building Grounds,310,8,"(-79.2614982223775,43.7325182095817)",Private
32261,DON RUSSELL MEMORIAL PARK,56,4,"(-79.5214098134985,43.6012171228666)",Public
32510,DON VALLEY GOLF COURSE,156,2,"(-79.4085769469372,43.7479597090219)",Members
32549,DON VALLEY GOLF COURSE,6,,"(-79.4084972399308,43.7449460238946)",Public
32263,DOWNSVIEW DELLS PARK,50,1,"(-79.4968025492829,43.7354096167484)",Public
32269,DOWNSVIEW DELLS PARK,10,,"(-79.4961355372813,43.7417893469109)",Public
32264,DOWNSVIEW DELLS PARK,27,1,"(-79.4938924778602,43.7395444662204)",Public
32265,DOWNSVIEW DELLS PARK,9,,"(-79.4963457295865,43.7420576075557)",Public
32266,DOWNSVIEW DELLS PARK,27,1,"(-79.5106761908086,43.7322950226888)",Private
32267,DOWNSVIEW DELLS PARK,10,,"(-79.4962638689852,43.7415760989098)",Public
32268,DOWNSVIEW DELLS PARK,104,2,"(-79.5020445185738,43.7361668676819)",Public
32262,DOWNSVIEW PARK AND LAWN BOWLING GREENS,110,4,"(-79.5125597382697,43.7194008960937)",Public
32274,E.T. SETON PARK,200,2,"(-79.3502693935337,43.7162849229354)",Public
32273,E.T. SETON PARK,194,2,"(-79.3379353477705,43.703146809041)",Public
32270,E.T. SETON PARK,14,1,"(-79.3336384475078,43.7043478754768)",Public
32272,E.T. SETON PARK,134,1,"(-79.3351114872029,43.7057324291457)",Public
32275,E.T. SETON PARK,178,,"(-79.3368618118272,43.7077299790177)",Public
32271,E.T. SETON PARK,14,1,"(-79.3334890836345,43.7039345768338)",Public
32276,EARL BALES PARK,47,2,"(-79.4339395533481,43.7508571953224)",Public
32277,EARL BALES PARK,143,2,"(-79.4319114182422,43.7517013667479)",Public
32279,EARL BALES PARK,29,,"(-79.4301322652525,43.7567043447706)",Public
32280,EARL BALES PARK,117,13,"(-79.4351791177491,43.7543358555518)",Public
32278,EARL BALES PARK,48,2,"(-79.4350249588639,43.7521675149146)",Public
32282,EARLSCOURT PARK,20,,"(-79.4532339501301,43.6752800401253)",Staff
32283,EARLSCOURT PARK,20,,"(-79.4521021553359,43.6754000304268)",Staff
32281,EARLSCOURT PARK,21,,"(-79.4495285385756,43.6723101899774)",Staff
32284,EAST DON PARKLAND,45,2,"(-79.3653753083909,43.7722114479503)",Public
32285,EAST MALL PARK,23,0,"(-79.5573281515242,43.6413647034051)",Public
32286,EAST POINT PARK,155,6,"(-79.1625537719094,43.7609885982219)",Public
32287,EAST POINT PARK,107,4,"(-79.1519287773073,43.7632919351252)",Public
32288,EAST TORONTO ATHLETIC FIELD,111,3,"(-79.2985368670806,43.6853550539149)",Public
32531,EAST YORK COMMUNITY CENTRE - Building Grounds,53,2,"(-79.3493993262094,43.6921435016445)",Public
32578,EAST YORK CURLING CLUB - Building Grounds,68,2,"(-79.3127652453124,43.6966767635383)",Public
32289,EDGELEY PARK,70,2,"(-79.5182373639874,43.7655288633371)",Public
32290,EDITHVALE PARK,99,2,"(-79.4259894205255,43.7765344891315)",Public
32291,EDWARDS GARDENS,428,8,"(-79.3573324116119,43.7336942233314)",Public
32292,EGLINTON FLATS,165,2,"(-79.5046564463948,43.686106304276)",Public
32293,EGLINTON FLATS,150,2,"(-79.4951661242173,43.6847776553899)",Public
32294,EGLINTON PARK,,1,"(-79.4039084226439,43.7059649849856)",Public
49513,EGLINTON PARK,125,2,"(-79.4045446896689,43.7075179252914)",Public
32295,ELLESMERE PARK,93,4,"(-79.2984538530697,43.7606924637903)",Public
32296,ELM PARK - NORTH YORK,118,8,"(-79.5237708786471,43.7702692780065)",Public
32560,EMERY PARKS YARD,85,1,"(-79.54585772626,43.7532668521659)",Staff
32297,ESTHER LORRIE PARK,30,1,"(-79.5791596377573,43.7272666215213)",Public
32298,ETIENNE BRULE PARK,97,3,"(-79.4909608318637,43.6522598736489)",Public
32299,ETOBICOKE VALLEY PARK,30,0,"(-79.5572494596131,43.6049511299191)",
32550,FAIRBANK MEMORIAL PARK,24,1,"(-79.4482219509727,43.6926365750364)",Public
32300,FAIRBANK MEMORIAL PARK,40,2,"(-79.4477661727546,43.6907087544283)",Public
32301,FALSTAFF PARK,38,2,"(-79.5035298121554,43.7165603392886)",Public
32302,FENSIDE PARK,60,3,"(-79.3266366629944,43.7639965220014)",Public
32303,FERGY BROWN PARK,84,2,"(-79.4969778018522,43.6876010722776)",Public
49520,FINCH - HUMBERLINE SPORTSFIELDS,,,"(-79.6177210175333,43.7330823637425)",Private
32304,FLAGSTAFF PARK,30,2,"(-79.591397077123,43.7208774606312)",Public
32306,FLEMINGDON PARK,54,1,"(-79.334641204082,43.713232616719)",Public
32305,FLEMINGDON PARK,42,1,"(-79.3263143150335,43.7138123373881)",Public
32546,FLEMINGDON PARK,70,1,"(-79.3322460591309,43.7172095671848)",Public
32307,FOUNTAINHEAD PARK,25,2,"(-79.4996970238316,43.7618003747887)",Public
32552,FRANKLIN HORNER COMMUNITY CENTRE - Building Grounds,72,6,"(-79.5381956130173,43.6040374349817)",
32308,G. ROSS LORD PARK,60,1,"(-79.4671186687518,43.7780932594047)",Public
32309,G. ROSS LORD PARK,143,2,"(-79.4625648169417,43.776614740811)",Public
32310,G. ROSS LORD PARK,139,,"(-79.4652452207445,43.7804470727446)",Staff
32311,G. ROSS LORD PARK,62,,"(-79.4675747256157,43.7745163754369)",Public
32312,G. ROSS LORD PARK,8,2,"(-79.4614432905181,43.7704245915143)",Private
32313,G. ROSS LORD PARK,79,,"(-79.4643491365287,43.7795306479136)",Public
32314,G. ROSS LORD PARK,14,2,"(-79.4626311429575,43.777011161955)",Private
32315,G. ROSS LORD PARK,79,1,"(-79.4637393726059,43.7796587289923)",Public
32316,GALLOWAY PARK,26,2,"(-79.1937444439328,43.7574018485842)",Public
44889,GARRISON COMMON,,,"(-79.4053142139057,43.6382001513151)",Staff
32317,GIHON SPRING PARK,30,,"(-79.5949229420942,43.7551709722241)",Public
49514,GLEN AGAR PARK,10,,"(-79.556921593734,43.6617171670501)",Public
32318,GLEN LONG PARK,29,2,"(-79.4559908471458,43.7082368686907)",Public
32553,GLEN LONG PARK,28,2,"(-79.4564341889775,43.7081543027689)",Public
32319,GOLDHAWK PARK,23,3,"(-79.278320297606,43.8242574396007)",Public
32320,GOLDHAWK PARK,107,4,"(-79.2788928724341,43.8237126670062)",Public
32321,GORD AND IRENE RISK PARK,42,6,"(-79.5657103475064,43.7474991686249)",Public
32322,GORD AND IRENE RISK PARK,82,3,"(-79.567104555673,43.7472178960794)",Public
32323,GOULDING PARK,101,3,"(-79.4216684520863,43.7911341548492)",Public
32325,GRANDRAVINE PARK,33,4,"(-79.4908396536581,43.7524526260608)",Public
32324,GRANDRAVINE PARK,45,4,"(-79.4903498107761,43.751447901894)",Public
32326,GUILD PARK AND GARDENS,,,"(-79.1898013279774,43.748992471862)",Public
32327,HABITANT PARK,80,3,"(-79.5393337487842,43.7471499433137)",Public
32559,HARRISON POOL - Building Grounds,1,1,"(-79.3909174086614,43.6512722411769)",Public
49517,HARRISON PROPERTIES,,,,
32328,HENDON PARK,28,2,"(-79.4187499950289,43.781543100389)",Public
32533,HERBERT H. CARNEGIE CENTENNIAL CENTRE - Building Grounds,366,4,"(-79.4505069719283,43.7743413641983)",Public
32330,HERON PARK,82,4,"(-79.1782464207596,43.76974069223)",Public
32329,HERON PARK,104,6,"(-79.1761583817749,43.7688861030799)",Public
32338,HIGH PARK,11,,"(-79.4648557934516,43.65175123949)",Public
32340,HIGH PARK,66,,"(-79.4649366745634,43.6470183405156)",Public
32341,HIGH PARK,15,,"(-79.4649636047352,43.6494694351486)",Public
32342,HIGH PARK,13,1,"(-79.464678516552,43.6513705874224)",Public
32343,HIGH PARK,15,,"(-79.4650948208815,43.6489735882606)",Public
32344,HIGH PARK,8,,"(-79.4649022251942,43.6489858784691)",Public
32345,HIGH PARK,17,1,"(-79.4609022852895,43.640937948032)",Public
32346,HIGH PARK,70,3,"(-79.4597689354361,43.6426609387664)",Public
32347,HIGH PARK,8,3,"(-79.4592753118581,43.6429871561368)",Public
32348,HIGH PARK,20,1,"(-79.4548382174265,43.6402543880589)",Public
32349,HIGH PARK,28,4,"(-79.4659059463329,43.6516653911238)",Public
32339,HIGH PARK,,,,
32351,HIGH PARK,43,4,"(-79.466933200428,43.6506952881486)",Public
32337,HIGH PARK,16,1,"(-79.4647107571627,43.6504792841629)",Public
32336,HIGH PARK,14,,"(-79.4650767104818,43.6483794593505)",Public
32335,HIGH PARK,30,3,"(-79.4649063136346,43.6506528858935)",Public
32334,HIGH PARK,18,,"(-79.4666988322286,43.6453455286088)",Public
32333,HIGH PARK,124,6,"(-79.4653373342593,43.6457525642879)",Public
32332,HIGH PARK,10,,"(-79.4610496295744,43.6441023984255)",Staff
32331,HIGH PARK,10,,"(-79.461967517061,43.6438713883742)",Staff
32350,HIGH PARK,4,4,"(-79.466845050611,43.6509407719828)",Public
49518,HIGHLAND CREEK COMMUNITY PARK,30,2,,
49519,HIGHVIEW PARK,,3,,
32352,HIGHVIEW PARK,101,3,"(-79.2562620893407,43.7029845815007)",Public
32354,HINDER AREA,6,,"(-79.4391754962692,43.7622721029373)",Public
32353,HINDER AREA,15,,"(-79.4393082135093,43.7626534983774)",Public
32534,HORNER AVENUE SENIORS' CENTRE - Building Grounds,19,2,"(-79.5267029985287,43.6061420425178)",
32355,HUMBER BAY PARK EAST,85,,"(-79.4766420741226,43.6221302275284)",
32360,HUMBER BAY PARK WEST,208,8,"(-79.479421603679,43.6196589670274)",
32359,HUMBER BAY PARK WEST,28,,"(-79.4770010169864,43.6170670324798)",
32358,HUMBER BAY PARK WEST,22,,"(-79.477981511695,43.6148116444427)",
32356,HUMBER BAY PARK WEST,58,2,"(-79.4805587841208,43.6203861233453)",
32357,HUMBER BAY PARK WEST,42,,"(-79.4801506412466,43.6200955599145)",
32500,HUMBER SHEPPARD PARK,93,3,"(-79.5395952935023,43.7339614837003)",Public
32516,HUMBER VALLEY GOLF COURSE,9,,"(-79.5453556516163,43.7230576016863)",Staff
32517,HUMBER VALLEY GOLF COURSE,179,2,"(-79.5466966715794,43.7269822464963)",Members
32361,HUMBER VALLEY PARK,26,1,"(-79.5250561443008,43.6639130671963)",Public
49521,HUMBERTOWN PARK,8,,,
32362,HUMBERWOOD PARK,138,2,"(-79.620538046433,43.7278777614983)",Public
32363,IROQUOIS PARK,25,1,"(-79.2687996290674,43.8036457670033)",Public
32364,IRVING PAISLEY PARK,67,2,"(-79.3828986084322,43.7482125785386)",Public
32365,IRVING W. CHAPLEY PARK,15,,"(-79.4560852812946,43.7616189014865)",Public
32511,ISLINGTON PIONEER CEMETERY,9,2,"(-79.5303589856154,43.6477584537631)",Public
32366,JACK GOODLAD PARK,80,4,"(-79.2715675930523,43.7425657028833)",Public
32367,JAMES GARDENS,9,,"(-79.5172004931895,43.6708374559642)",Public
45142,JEFF HEALEY PARK,,,"(-79.4955596986474,43.6310386332859)",
32554,JENNER JEAN-MARIE COMMUNITY CENTRE - Building Grounds,49,2,"(-79.3429465571451,43.7031527720271)",Public
32368,JIMMIE SIMPSON PARK,4,2,"(-79.3448841806835,43.6601593860379)",Staff
49522,JOYCE TRIMMER PARK,,,,
32369,KEELESDALE SOUTH PARK,192,3,"(-79.4800938829281,43.6876349705642)",Public
32370,KING'S MILL PARK,42,2,"(-79.4909344031159,43.6421783934941)",
32371,KING'S MILL PARK,27,1,"(-79.4926324655843,43.6492740727756)",
32372,KING'S MILL PARK,23,1,"(-79.4922653561361,43.650102270881)",
32518,KIPLING YARD,67,2,"(-79.5208523533035,43.6087465215238)",
32373,KNOB HILL PARK,28,2,"(-79.2508757173534,43.7436780722112)",Public
32379,L'AMOREAUX HYDRO,68,,"(-79.3095468229221,43.8076988944576)",Public
32378,L'AMOREAUX NORTH PARK,61,3,"(-79.3034554194827,43.8121811568388)",Public
32376,L'AMOREAUX NORTH PARK,52,,"(-79.3045040287778,43.8103490456773)",Public
32377,L'AMOREAUX NORTH PARK,58,3,"(-79.3040737168135,43.8118400702114)",Public
32385,L'AMOREAUX SPORTS COMPLEX,133,2,"(-79.3035822516893,43.8060522237809)",Public
32384,L'AMOREAUX SPORTS COMPLEX,75,4,"(-79.3040014907085,43.8030151225649)",Public
32380,L'AMOREAUX SPORTS COMPLEX,68,,"(-79.3099802131183,43.8071404826362)",Public
32381,L'AMOREAUX SPORTS COMPLEX,58,4,"(-79.3096297234968,43.8065449491776)",Public
32382,L'AMOREAUX SPORTS COMPLEX,29,,"(-79.3089543156057,43.8061809109781)",Public
32383,L'AMOREAUX SPORTS COMPLEX,147,2,"(-79.3049103256631,43.8023676292937)",Public
32374,LAKESHORE BOULEVARD PARKLANDS,120,4,"(-79.4378068817756,43.632853476628)",Public
32375,LAMBTON PARK,82,2,"(-79.5065842139612,43.6647556014886)",Public
32535,LAWRENCE HEIGHTS COMMUNITY CENTRE - Building Ground,31,2,"(-79.4426877377734,43.7181624285749)",Public
32536,LAWRENCE HEIGHTS COMMUNITY CENTRE - Building Ground,31,2,"(-79.4419631872247,43.7183180452587)",Public
32386,LAWRENCE PARK AND RAVINE,32,1,"(-79.3978152160594,43.7199482380068)",Public
32561,LEASIDE MEMORIAL COMMUNITY GARDENS - Building Grounds,157,6,"(-79.3609013529173,43.7025622895432)",Public
32387,LEASIDE PARK,45,,"(-79.3503247910137,43.7025427367039)",Public
32388,LEDBURY PARK,19,1,"(-79.4246534847611,43.7271609585623)",Public
49540,MAIN SEWAGE TREATMENT PLAYGROUND,69,,,
32555,MAIN SQUARE COMMUNITY CENTRE - Building Grounds,3,5,"(-79.3005974516815,43.6870334111529)",Staff
32405,MAJOR ABBAS ALI PARK,90,2,"(-79.2303766194668,43.8040595014925)",Public
32389,MALVERN PARK,276,4,"(-79.216784057571,43.8090518576843)",Public
32392,MARIE CURTIS PARK,38,1,"(-79.5469189098441,43.5869605324385)",
32391,MARIE CURTIS PARK,63,2,"(-79.5426427044139,43.5864942172651)",
32390,MARIE CURTIS PARK,71,2,"(-79.5424425449997,43.5851435742491)",
32393,MARYVALE PARK,33,1,"(-79.3070440665745,43.7516522017934)",Public
32394,MASSEYGROVE PARK,90,3,"(-79.5891656345592,43.7340759799849)",Public
32395,MCCORMICK PARK,25,2,"(-79.4340090411644,43.6475121894636)",Public
49525,MCCOWAN DISTRICT PARK,76,,,
49532,MCCOWAN DISTRICT PARK,,,,
49531,MCCOWAN DISTRICT PARK,18,,,
32396,MCDAIRMID WOODS PARK,31,1,"(-79.266811140412,43.7803843450964)",Public
32399,MCGREGOR PARK,44,4,"(-79.2813004060104,43.7478907840755)",Public
32398,MCGREGOR PARK,48,4,"(-79.2800085475619,43.7480993436686)",Public
32397,MCGREGOR PARK,100,2,"(-79.2796278720525,43.7474556792001)",Public
32400,MEMORIAL PARK - NORTH YORK,91,2,"(-79.4195607929124,43.7040700494178)",Public
32402,MILLIKEN DISTRICT PARK,107,3,"(-79.2738418293324,43.8292499640883)",Public
32401,MILLIKEN DISTRICT PARK,310,4,"(-79.2707651238335,43.8305524158169)",Public
32403,MITCHELL FIELD PARK,44,2,"(-79.4092981909577,43.7743598551758)",Public
32404,MITCHELL FIELD PARK,21,2,"(-79.407867742432,43.7749371921732)",Public
49526,MOATFIELD FARM PARK,,,,
49542,MOATFIELD FARM PARK,10,,,
44902,MOCCASIN TRAIL PARK,30,,"(-79.3333272789702,43.7325180512846)",Public
32408,MORNINGSIDE PARK,128,6,"(-79.195512912898,43.7792759618632)",Public
32407,MORNINGSIDE PARK,67,2,"(-79.2009201556499,43.7780569841083)",Public
32406,MORNINGSIDE PARK,74,2,"(-79.1931106181613,43.7791498683087)",Public
32409,MORNINGSIDE SERVICE YARD - Building Grounds,54,,"(-79.1920550108255,43.7777872710709)",Staff
32410,MOSS PARK,14,1,"(-79.3700940045127,43.6547497448117)",Public
32537,MOUNT DENNIS COMMUNITY HALL - Building Grounds,6,1,"(-79.4899205742877,43.6876930919357)",Staff
32563,NASHDENE YARD,200,4,"(-79.258069064652,43.8180847722605)",Staff
49527,NEILSON PARK - ETOBICOKE,84,3,"(-79.5667774131002,43.6296227959773)",Public
32411,NEILSON PARK - SCARBOROUGH,10,1,"(-79.225807214227,43.8134371192398)",Public
32412,NEILSON PARK - SCARBOROUGH,166,4,"(-79.225612008255,43.8144838562612)",Public
44822,NEW TORONTO SENIORS' CENTRE - Building Grounds,33,,"(-79.5011722374936,43.6010463585027)",
32564,NORSEMAN COMMUNITY SCHOOL AND POOL - Building Grounds,40,2,"(-79.5172295645465,43.6344252123597)",Public
32413,NORTH KIPLING PARK,80,5,"(-79.5851268643894,43.7515814597339)",Public
32565,NORTHLINE PARKS YARD - Building Grounds,69,,"(-79.3165333543496,43.7139745687348)",Staff
32569,NORTHLINE PARKS YARD - Building Grounds,15,,"(-79.3175491504352,43.7120168766873)",Public
32568,NORTHLINE PARKS YARD - Building Grounds,15,,"(-79.3171159657133,43.7128248618649)",Public
32566,NORTHLINE PARKS YARD - Building Grounds,15,,"(-79.3166263979682,43.7132430161786)",Staff
32567,NORTHLINE PARKS YARD - Building Grounds,15,,"(-79.316468217842,43.713433025658)",Staff
32538,NORTHWOOD COMMUNITY CENTRE - Building Grounds,35,3,"(-79.5001483316133,43.7451698607989)",Public
32539,NORTHWOOD COMMUNITY CENTRE - Building Grounds,41,3,"(-79.500779655517,43.7454185893043)",Public
32415,NORTHWOOD PARK,89,4,"(-79.4975230864372,43.7463900807723)",Public
32416,OAKDALE PARK,34,3,"(-79.5138457512673,43.7478908706717)",Public
32544,OAKRIDGE COMMUNITY RECREATION CENTRE - Building Grounds,64,2,"(-79.2836702396019,43.6944029839523)",Public
49528,OAKRIDGE PARK,,,,
32417,ORIOLE PARK - NORTH YORK,111,3,"(-79.3516627328158,43.7818891377293)",Public
44863,ORIOLE YARD,11,,"(-79.3653662384636,43.7683165848515)",Staff
32547,OTTER CREEK CENTRE - Building Grounds,24,1,"(-79.410378166115,43.7208667886013)",Private
32418,OURLAND PARK,33,1,"(-79.5080189729888,43.6151912687078)",
32419,PARK LAWN PARK,32,1,"(-79.4951168979835,43.6389128708417)",
32556,PARMA PARK,12,2,"(-79.3010204311244,43.7176685365815)",Public
32420,PELMO PARK,65,2,"(-79.5191581692828,43.7143664620568)",Public
32422,PINE POINT PARK,40,,"(-79.5405397707632,43.7140868850145)",Public
32421,PINE POINT PARK,24,,"(-79.5487441259772,43.7115974172167)",Public
32423,PINE POINT PARK,151,4,"(-79.5429395470495,43.7130890018664)",Public
32540,PORT UNION COMMUNITY RECREATION CENTRE - Building Grounds,112,8,"(-79.1394061000167,43.7795331679043)",Public
32424,PRAIRIE DRIVE PARK,35,1,"(-79.2842946192348,43.69709138126)",Public
32425,PRINCE OF WALES PARK,31,,"(-79.4988019513346,43.5984525395009)",
32426,QUEENSWAY PARK,50,0,"(-79.5054811031475,43.6263380050266)",
32427,RAMSDEN PARK,27,,"(-79.390377136212,43.6768236431664)",Public
49529,RAVINA GARDENS,48,,,
32429,RAYMORE PARK,18,0,"(-79.5146525250947,43.6965430352662)",Public
32542,RENNIE PARK,42,2,"(-79.4740249032574,43.6438292941372)",Public
49530,RICHVIEW PARK,,,,
32579,RIVERCREST PUBLIC SCHOOL - Building Grounds,40,,"(-79.5693319554643,43.7287151145721)",Public
32430,RIVERLEA PARK,36,3,"(-79.5241289029574,43.6996331845425)",Public
32551,ROCKCLIFFE YARD,62,2,"(-79.4854469596805,43.6755938278908)",Staff
32431,ROCKFORD PARK,25,,"(-79.4530599276623,43.7856380648571)",Public
32432,RODING PARK,40,4,"(-79.4921155318134,43.7286043337891)",Public
32433,RON WATSON PARK,40,3,"(-79.2973080796253,43.7859123273834)",Public
32434,ROSEBANK PARK,149,6,"(-79.2335474096856,43.7935376267012)",Public
32435,ROSETTA MCCLAIN GARDENS,31,6,"(-79.2562996598631,43.6970474590556)",Public
45162,ROTARY PEACE PARK,,,"(-79.5053093351163,43.5941598772166)",
32436,ROTARY PEACE PARK,10,,"(-79.5068085937735,43.5952738393617)",
49541,ROUGE PARK,,,,
32439,ROWNTREE MILLS PARK,46,,"(-79.5834926633362,43.7560248000705)",Public
32438,ROWNTREE MILLS PARK,124,2,"(-79.5772936868966,43.751750669119)",Public
32437,ROWNTREE MILLS PARK,86,2,"(-79.5710632927162,43.7482130452746)",Public
32440,ROYAL CREST PARK,26,,"(-79.6050587169425,43.7528868497697)",Public
32441,RUNNYMEDE PARK,154,4,"(-79.4765238812931,43.6685102787141)",Public
32442,SCADDING COURT COMMUNITY CENTRE - Building Grounds,14,1,"(-79.4052794546463,43.6514111136374)",Staff
32443,SCARBOROUGH HEIGHTS PARK,38,1,"(-79.2507340018,43.6991414006595)",Public
32444,SCARBOROUGH VILLAGE PARK,54,2,"(-79.2134463438647,43.7472271103877)",Members
32541,SCARBOROUGH VILLAGE RECREATION CENTRE - Building Grounds,207,10,"(-79.2165887080031,43.7406967506383)",Public
32445,SCARLETT MILLS PARK,141,4,"(-79.5141135177638,43.6714312192463)",Public
32446,SCARLETT MILLS PARK,68,1,"(-79.5136300907748,43.6735531748517)",Public
32447,SCARLETT MILLS PARK,16,2,"(-79.5106196013986,43.6774568089405)",Public
32448,SCARLETT MILLS PARK,20,1,"(-79.5100745507263,43.6780187539788)",Public
32519,SCARLETT WOODS GOLF COURSE,85,2,"(-79.4994493739621,43.6835391068378)",Public
32449,SENECA VILLAGE PARK,16,1,"(-79.3512059382662,43.7942789914775)",Public
32451,SEVEN OAKS PARK,9,1,"(-79.2100042367516,43.7878570127887)",Private
32450,SEVEN OAKS PARK,20,2,"(-79.2101064084325,43.7874006204921)",Public
32452,SHERWOOD PARK,68,1,"(-79.3905038904004,43.7159790855572)",Public
32453,SILVER CREEK PARK,32,,"(-79.5448641433634,43.6818155155378)",Public
45143,SILVERHILL PARK,,,"(-79.5506499591271,43.6342346668035)",Private
32454,SIR ADAM BECK PARK,47,3,"(-79.5470602593456,43.6022229796584)",
32457,SIR CASIMIR GZOWSKI PARK,152,1,"(-79.467142765755,43.6350675977602)",Public
32456,SIR CASIMIR GZOWSKI PARK,190,1,"(-79.4685369144103,43.634365476433)",Public
32455,SIR CASIMIR GZOWSKI PARK,173,1,"(-79.4621854778915,43.6369733203167)",Public
49533,SKYMARK PARK,48,3,,
32458,SMITHFIELD PARK,40,,"(-79.5969358634211,43.748332093203)",Public
32459,SMYTHE PARK,36,3,"(-79.4987653782123,43.675016601593)",Public
32460,SMYTHE PARK,51,3,"(-79.4972739815076,43.6750217034539)",Public
32461,STAN WADLOW PARK,33,8,"(-79.3157313154814,43.6974670615491)",Public
32462,STANLEY PARK ,3,3,"(-79.5152396784367,43.7426978797965)",Public
32463,STEPHEN LEACOCK PARK,53,2,"(-79.3018928860201,43.7867260333631)",Public
32464,STEPHEN LEACOCK PARK,51,5,"(-79.3014146536156,43.7868948755634)",Public
49534,STOFFEL DRIVE ALLOTMENT GARDENS,,,,
32466,SUMMERLEA PARK,63,4,"(-79.550208516349,43.7298348374503)",Public
32465,SUMMERLEA PARK,37,,"(-79.5525374472843,43.7279605196233)",Public
32474,SUNNYBROOK PARK,45,1,"(-79.3509216221785,43.7191946139544)",Public
32475,SUNNYBROOK PARK,115,4,"(-79.3592722797064,43.7207153172958)",Public
49535,SUNNYBROOK PARK,16,1,,
32472,SUNNYBROOK PARK,20,6,"(-79.3653377370578,43.7235978594858)",Public
32471,SUNNYBROOK PARK,80,4,"(-79.3628282461786,43.7232700682082)",Public
32470,SUNNYBROOK PARK,140,3,"(-79.3594083558907,43.7251650068685)",Public
32469,SUNNYBROOK PARK,130,3,"(-79.3601587709173,43.7244828186816)",Public
32467,SUNNYBROOK PARK,155,2,"(-79.3550193987435,43.7200948236269)",Public
32468,SUNNYBROOK PARK,165,4,"(-79.3534785705663,43.7243842535368)",Public
32476,SUNNYDALE ACRES PARK,43,1,"(-79.5778826874645,43.7241536819386)",Public
32477,SUNNYSIDE PARK,,,,
32478,TALLPINES PARK,19,2,"(-79.151656973907,43.7983744113661)",Public
32512,TAM HEATHER COUNTRY CLUB GROUNDS,187,2,"(-79.1983233791368,43.7908343098362)",Public
32513,TAM HEATHER COUNTRY CLUB GROUNDS,187,2,"(-79.1995357253115,43.7913571125837)",Public
32521,TAM O'SHANTER GOLF COURSE,127,2,"(-79.2999991159729,43.7870113255846)",Public
32520,TAM O'SHANTER GOLF COURSE,48,1,"(-79.3003097411876,43.7866527448373)",Public
32481,TAYLOR CREEK PARK,80,2,"(-79.2990545227639,43.696956145145)",Public
32480,TAYLOR CREEK PARK,42,2,"(-79.3132387067554,43.6998868554375)",Public
32479,TAYLOR CREEK PARK,33,2,"(-79.331909247767,43.7012996603561)",Public
32482,TAYLOR CREEK PARK,23,2,"(-79.2966244050286,43.6978598551499)",Public
32581,THE ELMS POOL AND COMMUNITY SCHOOL - Building Grounds,44,1,"(-79.5533237866016,43.7223796649736)",Public
44888,THE GORE,,,"(-79.4078460418746,43.635868097778)",Public
32558,THISTLETOWN MULTI SERVICE CENTRE - Building Grounds,36,3,"(-79.5628913171584,43.7354049612886)",Public
32557,THISTLETOWN MULTI SERVICE CENTRE - Building Grounds,33,2,"(-79.5617117225414,43.7351293672799)",Public
49536,THOMSON MEMORIAL PARK,,,,
49537,THOMSON MEMORIAL PARK,205,,,
49538,THOMSON MEMORIAL PARK,67,,,
32483,THOMSON MEMORIAL PARK,91,3,"(-79.2559770817403,43.7581628933464)",Public
32484,THOMSON MEMORIAL PARK,92,5,"(-79.255082021076,43.758169980565)",Public
32485,THOMSON MEMORIAL PARK,37,2,"(-79.2551366049491,43.7587946891284)",Public
32486,TODMORDEN MILLS PARK,92,4,"(-79.3600723450851,43.6847521031527)",Public
32488,TOM RILEY PARK,186,5,"(-79.5198075920193,43.6489665894008)",
32487,TOM RILEY PARK,120,0,"(-79.5182429474222,43.6460544046093)",
44891,TORONTO INUKSHUK PARK,,,"(-79.4101084751387,43.6317354245693)",Private
44887,TORONTO INUKSHUK PARK,,,"(-79.4089624466067,43.6330199114887)",Staff
44684,TORONTO ISLANDS - ISLAND PARK,15,1,"(-79.3745932070179,43.6405154662805)",Staff
12428,TORYORK - MILVAN OUTDOOR PARKING LOT,,,,
32489,TRACE MANES PARK,57,1,"(-79.3679502899522,43.7059619893124)",Public
49539,TRETHEWEY PARK EAST,23,,,
32490,TRINITY BELLWOODS PARK,28,1,"(-79.4153110927944,43.6462976449405)",Public
32491,VALLEYFIELD PARK,30,0,"(-79.5341737171909,43.6944326355053)",Public
32492,VAN HORNE PARK,89,2,"(-79.3364693789055,43.7874018018208)",Public
32493,VERMONT SQUARE,,,"(-79.4154836930002,43.6711430214077)",Staff
32543,VICTORIA VILLAGE ARENA - Building Grounds,190,9,"(-79.315964500976,43.7233835214282)",Public
32494,VIEWMOUNT PARK,30,1,"(-79.4375594683596,43.7074985759273)",Public
49543,WANITA PARK,33,,,
49544,WARDEN HILLTOP COMMUNITY CENTRE - Building Grounds,22,2,,
32495,WARDEN WOODS PARK,35,,"(-79.2831173567496,43.6989294227524)",Public
32496,WEDGEWOOD PARK - ETOBICOKE,15,0,"(-79.5473419087347,43.6450110506877)",
32523,WEST ACRES SENIOR CENTRE - Building Grounds,20,2,"(-79.5709863009814,43.726075955902)",Public
32498,WEST DEANE PARK,45,2,"(-79.5581309863415,43.6614111360347)",Public
32497,WEST DEANE PARK,15,0,"(-79.5585590240492,43.6633354155758)",Public
49524,WEST DEANE PARK,,,,
32499,WEST HUMBER PARKLAND,110,,"(-79.55356214553,43.727461863704)",Public
32501,WEST ROUGE PARK,157,3,"(-79.125748588514,43.7918343377395)",Public
32502,WESTON LIONS PARK,112,0,"(-79.5190025986134,43.6982776559218)",Public
32503,WESTON LIONS PARK,112,0,"(-79.5174278155121,43.6986025596645)",Staff
32504,WESTWAY PARK,43,1,"(-79.5416256119935,43.6882302233167)",Public
32505,WEXFORD PARK,27,1,"(-79.2974278112541,43.73364378318)",Public
32514,WHITFIELD PARKETTE,14,1,"(-79.5717808953673,43.7589574299948)",Public
32548,WHITLAM WAREHOUSE - Building Grounds,38,,"(-79.5223686321629,43.602630787054)",Private
32506,WILLOWDALE PARK,38,,"(-79.4083975782467,43.7658327240462)",Public
32507,WISHING WELL PARK,92,1,"(-79.3153477649206,43.7696162307164)",Public
32509,WOODBINE BEACH PARK,80,3,"(-79.3086144392198,43.6633189030861)",Public
32508,WOODBINE BEACH PARK,230,3,"(-79.311290992215,43.6627340511553)",Public
49546,WOODBINE PARK,711,16,,
49547,WOODLANDS PARK,,,,
